time,ad,count,nfr
8/13/2017,Matomy_SP_$4.5_nodimension_Bidswitch_Auto_Ad,76,AD_INV_SRC_TYPE
8/13/2017,Matomy_SP_$4.5_nodimension_Bidswitch_Auto_Ad,9381058,AD_SUPPLY_INC_EXC
8/13/2017,Matomy_SP_$4.5_nodimension_Bidswitch_Auto_Ad,2,BIDDER_FLOOR_UNMET
8/13/2017,Matomy_SP_$4.5_nodimension_Bidswitch_Auto_Ad,2041268,DEVICE_TYPE
8/13/2017,Matomy_SP_$4.5_nodimension_Bidswitch_Auto_Ad,40,FILL
8/13/2017,Matomy_SP_$4.5_nodimension_Bidswitch_Auto_Ad,4091542,LOST_TO_COMPETITION
8/13/2017,Matomy_SP_$4.5_nodimension_Bidswitch_Auto_Ad,47058502,NO_ADS_COUNTRY_CARRIER_OS_BRAND
8/13/2017,Matomy_SP_$4.5_nodimension_Bidswitch_Auto_Ad,17719,SITE_AD_DOMAIN
8/13/2017,Matomy_SP_$4.5_nodimension_Bidswitch_Manual_Ad,76,AD_INV_SRC_TYPE
8/13/2017,Matomy_SP_$4.5_nodimension_Bidswitch_Manual_Ad,9381058,AD_SUPPLY_INC_EXC
8/13/2017,Matomy_SP_$4.5_nodimension_Bidswitch_Manual_Ad,2,BIDDER_FLOOR_UNMET
8/13/2017,Matomy_SP_$4.5_nodimension_Bidswitch_Manual_Ad,2041268,DEVICE_TYPE
8/13/2017,Matomy_SP_$4.5_nodimension_Bidswitch_Manual_Ad,4636,FILL
8/13/2017,Matomy_SP_$4.5_nodimension_Bidswitch_Manual_Ad,4086946,LOST_TO_COMPETITION
8/13/2017,Matomy_SP_$4.5_nodimension_Bidswitch_Manual_Ad,47058502,NO_ADS_COUNTRY_CARRIER_OS_BRAND
8/13/2017,Matomy_SP_$4.5_nodimension_Bidswitch_Manual_Ad,17719,SITE_AD_DOMAIN
8/13/2017,Matomy_LP_$6.5_nodimension_Bidswitch_Auto_Ad,65,AD_INV_SRC_TYPE
8/13/2017,Matomy_LP_$6.5_nodimension_Bidswitch_Auto_Ad,9381058,AD_SUPPLY_INC_EXC
8/13/2017,Matomy_LP_$6.5_nodimension_Bidswitch_Auto_Ad,3,BIDDER_FLOOR_UNMET
8/13/2017,Matomy_LP_$6.5_nodimension_Bidswitch_Auto_Ad,1556859,CAMPAIGN_DATE_BUDGET
8/13/2017,Matomy_LP_$6.5_nodimension_Bidswitch_Auto_Ad,1815935,DEVICE_TYPE
8/13/2017,Matomy_LP_$6.5_nodimension_Bidswitch_Auto_Ad,171661,FILL
8/13/2017,Matomy_LP_$6.5_nodimension_Bidswitch_Auto_Ad,3311512,LOST_TO_COMPETITION
8/13/2017,Matomy_LP_$6.5_nodimension_Bidswitch_Auto_Ad,46336408,NO_ADS_COUNTRY_CARRIER_OS_BRAND
8/13/2017,Matomy_LP_$6.5_nodimension_Bidswitch_Auto_Ad,16706,SITE_AD_DOMAIN
8/13/2017,Matomy_LP_$6.5_nodimension_Bidswitch_Manual_Ad,65,AD_INV_SRC_TYPE
8/13/2017,Matomy_LP_$6.5_nodimension_Bidswitch_Manual_Ad,9381058,AD_SUPPLY_INC_EXC
8/13/2017,Matomy_LP_$6.5_nodimension_Bidswitch_Manual_Ad,3,BIDDER_FLOOR_UNMET
8/13/2017,Matomy_LP_$6.5_nodimension_Bidswitch_Manual_Ad,1556858,CAMPAIGN_DATE_BUDGET
8/13/2017,Matomy_LP_$6.5_nodimension_Bidswitch_Manual_Ad,1815935,DEVICE_TYPE
8/13/2017,Matomy_LP_$6.5_nodimension_Bidswitch_Manual_Ad,1347765,FILL
8/13/2017,Matomy_LP_$6.5_nodimension_Bidswitch_Manual_Ad,2135409,LOST_TO_COMPETITION
8/13/2017,Matomy_LP_$6.5_nodimension_Bidswitch_Manual_Ad,46336408,NO_ADS_COUNTRY_CARRIER_OS_BRAND
8/13/2017,Matomy_LP_$6.5_nodimension_Bidswitch_Manual_Ad,16706,SITE_AD_DOMAIN
8/14/2017,Matomy_SP_$4.5_nodimension_Bidswitch_Auto_Ad,61,AD_INV_SRC_TYPE
8/14/2017,Matomy_SP_$4.5_nodimension_Bidswitch_Auto_Ad,218,BIDDER_FLOOR_UNMET
8/14/2017,Matomy_SP_$4.5_nodimension_Bidswitch_Auto_Ad,944587,DEVICE_TYPE
8/14/2017,Matomy_SP_$4.5_nodimension_Bidswitch_Auto_Ad,25,FILL
8/14/2017,Matomy_SP_$4.5_nodimension_Bidswitch_Auto_Ad,1114387,LOST_TO_COMPETITION
8/14/2017,Matomy_SP_$4.5_nodimension_Bidswitch_Auto_Ad,1331081,NO_ADS_COUNTRY_CARRIER_OS_BRAND
8/14/2017,Matomy_SP_$4.5_nodimension_Bidswitch_Auto_Ad,4461,SITE_AD_DOMAIN
8/14/2017,Matomy_SP_$4.5_nodimension_Bidswitch_Manual_Ad,61,AD_INV_SRC_TYPE
8/14/2017,Matomy_SP_$4.5_nodimension_Bidswitch_Manual_Ad,218,BIDDER_FLOOR_UNMET
8/14/2017,Matomy_SP_$4.5_nodimension_Bidswitch_Manual_Ad,944587,DEVICE_TYPE
8/14/2017,Matomy_SP_$4.5_nodimension_Bidswitch_Manual_Ad,22,FILL
8/14/2017,Matomy_SP_$4.5_nodimension_Bidswitch_Manual_Ad,1114390,LOST_TO_COMPETITION
8/14/2017,Matomy_SP_$4.5_nodimension_Bidswitch_Manual_Ad,1331081,NO_ADS_COUNTRY_CARRIER_OS_BRAND
8/14/2017,Matomy_SP_$4.5_nodimension_Bidswitch_Manual_Ad,4461,SITE_AD_DOMAIN
8/14/2017,Matomy_LP_$6.5_nodimension_Bidswitch_Auto_Ad,59,AD_INV_SRC_TYPE
8/14/2017,Matomy_LP_$6.5_nodimension_Bidswitch_Auto_Ad,232,BIDDER_FLOOR_UNMET
8/14/2017,Matomy_LP_$6.5_nodimension_Bidswitch_Auto_Ad,36570,CAMPAIGN_DATE_BUDGET
8/14/2017,Matomy_LP_$6.5_nodimension_Bidswitch_Auto_Ad,938761,DEVICE_TYPE
8/14/2017,Matomy_LP_$6.5_nodimension_Bidswitch_Auto_Ad,48348,FILL
8/14/2017,Matomy_LP_$6.5_nodimension_Bidswitch_Auto_Ad,1037687,LOST_TO_COMPETITION
8/14/2017,Matomy_LP_$6.5_nodimension_Bidswitch_Auto_Ad,1328792,NO_ADS_COUNTRY_CARRIER_OS_BRAND
8/14/2017,Matomy_LP_$6.5_nodimension_Bidswitch_Auto_Ad,4371,SITE_AD_DOMAIN
8/14/2017,Matomy_LP_$6.5_nodimension_Bidswitch_Manual_Ad,59,AD_INV_SRC_TYPE
8/14/2017,Matomy_LP_$6.5_nodimension_Bidswitch_Manual_Ad,232,BIDDER_FLOOR_UNMET
8/14/2017,Matomy_LP_$6.5_nodimension_Bidswitch_Manual_Ad,36570,CAMPAIGN_DATE_BUDGET
8/14/2017,Matomy_LP_$6.5_nodimension_Bidswitch_Manual_Ad,938761,DEVICE_TYPE
8/14/2017,Matomy_LP_$6.5_nodimension_Bidswitch_Manual_Ad,202623,FILL
8/14/2017,Matomy_LP_$6.5_nodimension_Bidswitch_Manual_Ad,883412,LOST_TO_COMPETITION
8/14/2017,Matomy_LP_$6.5_nodimension_Bidswitch_Manual_Ad,1328792,NO_ADS_COUNTRY_CARRIER_OS_BRAND
8/14/2017,Matomy_LP_$6.5_nodimension_Bidswitch_Manual_Ad,4371,SITE_AD_DOMAIN
8/15/2017,Matomy_SP_$4.5_nodimension_Bidswitch_Auto_Ad,44,AD_INV_SRC_TYPE
8/15/2017,Matomy_SP_$4.5_nodimension_Bidswitch_Auto_Ad,568430,DEVICE_TYPE
8/15/2017,Matomy_SP_$4.5_nodimension_Bidswitch_Auto_Ad,604563,LOST_TO_COMPETITION
8/15/2017,Matomy_SP_$4.5_nodimension_Bidswitch_Auto_Ad,3166485,NO_ADS_COUNTRY_CARRIER_OS_BRAND
8/15/2017,Matomy_SP_$4.5_nodimension_Bidswitch_Auto_Ad,2042,SITE_AD_DOMAIN
8/15/2017,Matomy_SP_$4.5_nodimension_Bidswitch_Manual_Ad,44,AD_INV_SRC_TYPE
8/15/2017,Matomy_SP_$4.5_nodimension_Bidswitch_Manual_Ad,568430,DEVICE_TYPE
8/15/2017,Matomy_SP_$4.5_nodimension_Bidswitch_Manual_Ad,604563,LOST_TO_COMPETITION
8/15/2017,Matomy_SP_$4.5_nodimension_Bidswitch_Manual_Ad,3166485,NO_ADS_COUNTRY_CARRIER_OS_BRAND
8/15/2017,Matomy_SP_$4.5_nodimension_Bidswitch_Manual_Ad,2042,SITE_AD_DOMAIN
8/15/2017,Matomy_LP_$6.5_nodimension_Bidswitch_Auto_Ad,44,AD_INV_SRC_TYPE
8/15/2017,Matomy_LP_$6.5_nodimension_Bidswitch_Auto_Ad,1,BIDDER_FLOOR_UNMET
8/15/2017,Matomy_LP_$6.5_nodimension_Bidswitch_Auto_Ad,568430,DEVICE_TYPE
8/15/2017,Matomy_LP_$6.5_nodimension_Bidswitch_Auto_Ad,61397,FILL
8/15/2017,Matomy_LP_$6.5_nodimension_Bidswitch_Auto_Ad,543166,LOST_TO_COMPETITION
8/15/2017,Matomy_LP_$6.5_nodimension_Bidswitch_Auto_Ad,3166484,NO_ADS_COUNTRY_CARRIER_OS_BRAND
8/15/2017,Matomy_LP_$6.5_nodimension_Bidswitch_Auto_Ad,2042,SITE_AD_DOMAIN
8/15/2017,Matomy_LP_$6.5_nodimension_Bidswitch_Manual_Ad,44,AD_INV_SRC_TYPE
8/15/2017,Matomy_LP_$6.5_nodimension_Bidswitch_Manual_Ad,1,BIDDER_FLOOR_UNMET
8/15/2017,Matomy_LP_$6.5_nodimension_Bidswitch_Manual_Ad,568430,DEVICE_TYPE
8/15/2017,Matomy_LP_$6.5_nodimension_Bidswitch_Manual_Ad,68828,FILL
8/15/2017,Matomy_LP_$6.5_nodimension_Bidswitch_Manual_Ad,535735,LOST_TO_COMPETITION
8/15/2017,Matomy_LP_$6.5_nodimension_Bidswitch_Manual_Ad,3166484,NO_ADS_COUNTRY_CARRIER_OS_BRAND
8/15/2017,Matomy_LP_$6.5_nodimension_Bidswitch_Manual_Ad,2042,SITE_AD_DOMAIN
8/16/2017,Matomy_SP_$4.5_nodimension_Bidswitch_Auto_Ad,128,AD_INV_SRC_TYPE
8/16/2017,Matomy_SP_$4.5_nodimension_Bidswitch_Auto_Ad,67485,BIDDER_FLOOR_UNMET
8/16/2017,Matomy_SP_$4.5_nodimension_Bidswitch_Auto_Ad,4100364,DEVICE_TYPE
8/16/2017,Matomy_SP_$4.5_nodimension_Bidswitch_Auto_Ad,15585,FILL
8/16/2017,Matomy_SP_$4.5_nodimension_Bidswitch_Auto_Ad,1900027,LOST_TO_COMPETITION
8/16/2017,Matomy_SP_$4.5_nodimension_Bidswitch_Auto_Ad,5344591,NO_ADS_COUNTRY_CARRIER_OS_BRAND
8/16/2017,Matomy_SP_$4.5_nodimension_Bidswitch_Auto_Ad,12944,SITE_AD_DOMAIN
8/16/2017,Matomy_SP_$4.5_nodimension_Bidswitch_Manual_Ad,128,AD_INV_SRC_TYPE
8/16/2017,Matomy_SP_$4.5_nodimension_Bidswitch_Manual_Ad,67485,BIDDER_FLOOR_UNMET
8/16/2017,Matomy_SP_$4.5_nodimension_Bidswitch_Manual_Ad,4100364,DEVICE_TYPE
8/16/2017,Matomy_SP_$4.5_nodimension_Bidswitch_Manual_Ad,15517,FILL
8/16/2017,Matomy_SP_$4.5_nodimension_Bidswitch_Manual_Ad,1900095,LOST_TO_COMPETITION
8/16/2017,Matomy_SP_$4.5_nodimension_Bidswitch_Manual_Ad,5344591,NO_ADS_COUNTRY_CARRIER_OS_BRAND
8/16/2017,Matomy_SP_$4.5_nodimension_Bidswitch_Manual_Ad,12944,SITE_AD_DOMAIN
8/16/2017,Matomy_LP_$6.5_nodimension_Bidswitch_Auto_Ad,121,AD_INV_SRC_TYPE
8/16/2017,Matomy_LP_$6.5_nodimension_Bidswitch_Auto_Ad,16051,BIDDER_FLOOR_UNMET
8/16/2017,Matomy_LP_$6.5_nodimension_Bidswitch_Auto_Ad,1393461,CAMPAIGN_DATE_BUDGET
8/16/2017,Matomy_LP_$6.5_nodimension_Bidswitch_Auto_Ad,3931279,DEVICE_TYPE
8/16/2017,Matomy_LP_$6.5_nodimension_Bidswitch_Auto_Ad,151012,FILL
8/16/2017,Matomy_LP_$6.5_nodimension_Bidswitch_Auto_Ad,822275,LOST_TO_COMPETITION
8/16/2017,Matomy_LP_$6.5_nodimension_Bidswitch_Auto_Ad,5115501,NO_ADS_COUNTRY_CARRIER_OS_BRAND
8/16/2017,Matomy_LP_$6.5_nodimension_Bidswitch_Auto_Ad,11424,SITE_AD_DOMAIN
8/16/2017,Matomy_LP_$6.5_nodimension_Bidswitch_Manual_Ad,121,AD_INV_SRC_TYPE
8/16/2017,Matomy_LP_$6.5_nodimension_Bidswitch_Manual_Ad,16051,BIDDER_FLOOR_UNMET
8/16/2017,Matomy_LP_$6.5_nodimension_Bidswitch_Manual_Ad,1393461,CAMPAIGN_DATE_BUDGET
8/16/2017,Matomy_LP_$6.5_nodimension_Bidswitch_Manual_Ad,3931279,DEVICE_TYPE
8/16/2017,Matomy_LP_$6.5_nodimension_Bidswitch_Manual_Ad,150861,FILL
8/16/2017,Matomy_LP_$6.5_nodimension_Bidswitch_Manual_Ad,822426,LOST_TO_COMPETITION
8/16/2017,Matomy_LP_$6.5_nodimension_Bidswitch_Manual_Ad,5115501,NO_ADS_COUNTRY_CARRIER_OS_BRAND
8/16/2017,Matomy_LP_$6.5_nodimension_Bidswitch_Manual_Ad,11424,SITE_AD_DOMAIN
8/17/2017,Matomy_SP_$4.5_nodimension_Bidswitch_Auto_Ad,54,AD_INV_SRC_TYPE
8/17/2017,Matomy_SP_$4.5_nodimension_Bidswitch_Auto_Ad,99657,BIDDER_FLOOR_UNMET
8/17/2017,Matomy_SP_$4.5_nodimension_Bidswitch_Auto_Ad,1947160,CAMPAIGN_DATE_BUDGET
8/17/2017,Matomy_SP_$4.5_nodimension_Bidswitch_Auto_Ad,1286040,DEVICE_TYPE
8/17/2017,Matomy_SP_$4.5_nodimension_Bidswitch_Auto_Ad,28893,FILL
8/17/2017,Matomy_SP_$4.5_nodimension_Bidswitch_Auto_Ad,4156189,LOST_TO_COMPETITION
8/17/2017,Matomy_SP_$4.5_nodimension_Bidswitch_Auto_Ad,3991731,NO_ADS_COUNTRY_CARRIER_OS_BRAND
8/17/2017,Matomy_SP_$4.5_nodimension_Bidswitch_Auto_Ad,41174,SITE_AD_DOMAIN
8/17/2017,Matomy_SP_$4.5_nodimension_Bidswitch_Manual_Ad,54,AD_INV_SRC_TYPE
8/17/2017,Matomy_SP_$4.5_nodimension_Bidswitch_Manual_Ad,99657,BIDDER_FLOOR_UNMET
8/17/2017,Matomy_SP_$4.5_nodimension_Bidswitch_Manual_Ad,1947160,CAMPAIGN_DATE_BUDGET
8/17/2017,Matomy_SP_$4.5_nodimension_Bidswitch_Manual_Ad,1286040,DEVICE_TYPE
8/17/2017,Matomy_SP_$4.5_nodimension_Bidswitch_Manual_Ad,29044,FILL
8/17/2017,Matomy_SP_$4.5_nodimension_Bidswitch_Manual_Ad,4156038,LOST_TO_COMPETITION
8/17/2017,Matomy_SP_$4.5_nodimension_Bidswitch_Manual_Ad,3991731,NO_ADS_COUNTRY_CARRIER_OS_BRAND
8/17/2017,Matomy_SP_$4.5_nodimension_Bidswitch_Manual_Ad,41174,SITE_AD_DOMAIN
8/17/2017,Matomy_LP_$6.5_nodimension_Bidswitch_Auto_Ad,34,AD_INV_SRC_TYPE
8/17/2017,Matomy_LP_$6.5_nodimension_Bidswitch_Auto_Ad,21308,BIDDER_FLOOR_UNMET
8/17/2017,Matomy_LP_$6.5_nodimension_Bidswitch_Auto_Ad,4208103,CAMPAIGN_DATE_BUDGET
8/17/2017,Matomy_LP_$6.5_nodimension_Bidswitch_Auto_Ad,989292,DEVICE_TYPE
8/17/2017,Matomy_LP_$6.5_nodimension_Bidswitch_Auto_Ad,427185,FILL
8/17/2017,Matomy_LP_$6.5_nodimension_Bidswitch_Auto_Ad,2264710,LOST_TO_COMPETITION
8/17/2017,Matomy_LP_$6.5_nodimension_Bidswitch_Auto_Ad,3601600,NO_ADS_COUNTRY_CARRIER_OS_BRAND
8/17/2017,Matomy_LP_$6.5_nodimension_Bidswitch_Auto_Ad,38666,SITE_AD_DOMAIN
8/17/2017,Matomy_LP_$6.5_nodimension_Bidswitch_Manual_Ad,34,AD_INV_SRC_TYPE
8/17/2017,Matomy_LP_$6.5_nodimension_Bidswitch_Manual_Ad,21308,BIDDER_FLOOR_UNMET
8/17/2017,Matomy_LP_$6.5_nodimension_Bidswitch_Manual_Ad,4208103,CAMPAIGN_DATE_BUDGET
8/17/2017,Matomy_LP_$6.5_nodimension_Bidswitch_Manual_Ad,989292,DEVICE_TYPE
8/17/2017,Matomy_LP_$6.5_nodimension_Bidswitch_Manual_Ad,427606,FILL
8/17/2017,Matomy_LP_$6.5_nodimension_Bidswitch_Manual_Ad,2264289,LOST_TO_COMPETITION
8/17/2017,Matomy_LP_$6.5_nodimension_Bidswitch_Manual_Ad,3601600,NO_ADS_COUNTRY_CARRIER_OS_BRAND
8/17/2017,Matomy_LP_$6.5_nodimension_Bidswitch_Manual_Ad,38666,SITE_AD_DOMAIN
8/18/2017,Matomy_SP_$4.5_nodimension_Bidswitch_Auto_Ad,442,AD_INV_SRC_TYPE
8/18/2017,Matomy_SP_$4.5_nodimension_Bidswitch_Auto_Ad,4,BIDDER_FLOOR_UNMET
8/18/2017,Matomy_SP_$4.5_nodimension_Bidswitch_Auto_Ad,1703137,CAMPAIGN_DATE_BUDGET
8/18/2017,Matomy_SP_$4.5_nodimension_Bidswitch_Auto_Ad,20809,CAMPAIGN_NOT_FOUND
8/18/2017,Matomy_SP_$4.5_nodimension_Bidswitch_Auto_Ad,4,CREATIVE_FORMAT_ERROR
8/18/2017,Matomy_SP_$4.5_nodimension_Bidswitch_Auto_Ad,29094571,DEVICE_TYPE
8/18/2017,Matomy_SP_$4.5_nodimension_Bidswitch_Auto_Ad,1712780,LOST_TO_COMPETITION
8/18/2017,Matomy_SP_$4.5_nodimension_Bidswitch_Auto_Ad,5828115,NO_ADS_COUNTRY_CARRIER_OS_BRAND
8/18/2017,Matomy_SP_$4.5_nodimension_Bidswitch_Auto_Ad,13874,SITE_AD_DOMAIN
8/18/2017,Matomy_SP_$4.5_nodimension_Bidswitch_Manual_Ad,442,AD_INV_SRC_TYPE
8/18/2017,Matomy_SP_$4.5_nodimension_Bidswitch_Manual_Ad,4,BIDDER_FLOOR_UNMET
8/18/2017,Matomy_SP_$4.5_nodimension_Bidswitch_Manual_Ad,1703137,CAMPAIGN_DATE_BUDGET
8/18/2017,Matomy_SP_$4.5_nodimension_Bidswitch_Manual_Ad,20809,CAMPAIGN_NOT_FOUND
8/18/2017,Matomy_SP_$4.5_nodimension_Bidswitch_Manual_Ad,4,CREATIVE_FORMAT_ERROR
8/18/2017,Matomy_SP_$4.5_nodimension_Bidswitch_Manual_Ad,29094571,DEVICE_TYPE
8/18/2017,Matomy_SP_$4.5_nodimension_Bidswitch_Manual_Ad,1712780,LOST_TO_COMPETITION
8/18/2017,Matomy_SP_$4.5_nodimension_Bidswitch_Manual_Ad,5828115,NO_ADS_COUNTRY_CARRIER_OS_BRAND
8/18/2017,Matomy_SP_$4.5_nodimension_Bidswitch_Manual_Ad,13874,SITE_AD_DOMAIN
8/18/2017,Matomy_LP_$6.5_nodimension_Bidswitch_Auto_Ad,442,AD_INV_SRC_TYPE
8/18/2017,Matomy_LP_$6.5_nodimension_Bidswitch_Auto_Ad,5,BIDDER_FLOOR_UNMET
8/18/2017,Matomy_LP_$6.5_nodimension_Bidswitch_Auto_Ad,1717984,CAMPAIGN_DATE_BUDGET
8/18/2017,Matomy_LP_$6.5_nodimension_Bidswitch_Auto_Ad,21295,CAMPAIGN_NOT_FOUND
8/18/2017,Matomy_LP_$6.5_nodimension_Bidswitch_Auto_Ad,4,CREATIVE_FORMAT_ERROR
8/18/2017,Matomy_LP_$6.5_nodimension_Bidswitch_Auto_Ad,29093572,DEVICE_TYPE
8/18/2017,Matomy_LP_$6.5_nodimension_Bidswitch_Auto_Ad,251569,FILL
8/18/2017,Matomy_LP_$6.5_nodimension_Bidswitch_Auto_Ad,1447505,LOST_TO_COMPETITION
8/18/2017,Matomy_LP_$6.5_nodimension_Bidswitch_Auto_Ad,5827584,NO_ADS_COUNTRY_CARRIER_OS_BRAND
8/18/2017,Matomy_LP_$6.5_nodimension_Bidswitch_Auto_Ad,13776,SITE_AD_DOMAIN
8/18/2017,Matomy_LP_$6.5_nodimension_Bidswitch_Manual_Ad,442,AD_INV_SRC_TYPE
8/18/2017,Matomy_LP_$6.5_nodimension_Bidswitch_Manual_Ad,5,BIDDER_FLOOR_UNMET
8/18/2017,Matomy_LP_$6.5_nodimension_Bidswitch_Manual_Ad,1717984,CAMPAIGN_DATE_BUDGET
8/18/2017,Matomy_LP_$6.5_nodimension_Bidswitch_Manual_Ad,21295,CAMPAIGN_NOT_FOUND
8/18/2017,Matomy_LP_$6.5_nodimension_Bidswitch_Manual_Ad,4,CREATIVE_FORMAT_ERROR
8/18/2017,Matomy_LP_$6.5_nodimension_Bidswitch_Manual_Ad,29093572,DEVICE_TYPE
8/18/2017,Matomy_LP_$6.5_nodimension_Bidswitch_Manual_Ad,256941,FILL
8/18/2017,Matomy_LP_$6.5_nodimension_Bidswitch_Manual_Ad,1442133,LOST_TO_COMPETITION
8/18/2017,Matomy_LP_$6.5_nodimension_Bidswitch_Manual_Ad,5827584,NO_ADS_COUNTRY_CARRIER_OS_BRAND
8/18/2017,Matomy_LP_$6.5_nodimension_Bidswitch_Manual_Ad,13776,SITE_AD_DOMAIN
8/19/2017,Matomy_SP_$4.5_nodimension_Bidswitch_Auto_Ad,943,AD_INV_SRC_TYPE
8/19/2017,Matomy_SP_$4.5_nodimension_Bidswitch_Auto_Ad,132,BIDDER_FLOOR_UNMET
8/19/2017,Matomy_SP_$4.5_nodimension_Bidswitch_Auto_Ad,16,CREATIVE_FORMAT_ERROR
8/19/2017,Matomy_SP_$4.5_nodimension_Bidswitch_Auto_Ad,105559652,DEVICE_TYPE
8/19/2017,Matomy_SP_$4.5_nodimension_Bidswitch_Auto_Ad,1606716,LOST_TO_COMPETITION
8/19/2017,Matomy_SP_$4.5_nodimension_Bidswitch_Auto_Ad,18955245,NO_ADS_COUNTRY_CARRIER_OS_BRAND
8/19/2017,Matomy_SP_$4.5_nodimension_Bidswitch_Auto_Ad,56630,SITE_AD_DOMAIN
8/19/2017,Matomy_SP_$4.5_nodimension_Bidswitch_Manual_Ad,943,AD_INV_SRC_TYPE
8/19/2017,Matomy_SP_$4.5_nodimension_Bidswitch_Manual_Ad,138,BIDDER_FLOOR_UNMET
8/19/2017,Matomy_SP_$4.5_nodimension_Bidswitch_Manual_Ad,16,CREATIVE_FORMAT_ERROR
8/19/2017,Matomy_SP_$4.5_nodimension_Bidswitch_Manual_Ad,105559652,DEVICE_TYPE
8/19/2017,Matomy_SP_$4.5_nodimension_Bidswitch_Manual_Ad,1606716,LOST_TO_COMPETITION
8/19/2017,Matomy_SP_$4.5_nodimension_Bidswitch_Manual_Ad,18955239,NO_ADS_COUNTRY_CARRIER_OS_BRAND
8/19/2017,Matomy_SP_$4.5_nodimension_Bidswitch_Manual_Ad,56630,SITE_AD_DOMAIN
8/19/2017,Matomy_LP_$6.5_nodimension_Bidswitch_Auto_Ad,943,AD_INV_SRC_TYPE
8/19/2017,Matomy_LP_$6.5_nodimension_Bidswitch_Auto_Ad,138,BIDDER_FLOOR_UNMET
8/19/2017,Matomy_LP_$6.5_nodimension_Bidswitch_Auto_Ad,16,CREATIVE_FORMAT_ERROR
8/19/2017,Matomy_LP_$6.5_nodimension_Bidswitch_Auto_Ad,105559652,DEVICE_TYPE
8/19/2017,Matomy_LP_$6.5_nodimension_Bidswitch_Auto_Ad,60866,FILL
8/19/2017,Matomy_LP_$6.5_nodimension_Bidswitch_Auto_Ad,1545850,LOST_TO_COMPETITION
8/19/2017,Matomy_LP_$6.5_nodimension_Bidswitch_Auto_Ad,18955239,NO_ADS_COUNTRY_CARRIER_OS_BRAND
8/19/2017,Matomy_LP_$6.5_nodimension_Bidswitch_Auto_Ad,56630,SITE_AD_DOMAIN
8/19/2017,Matomy_LP_$6.5_nodimension_Bidswitch_Manual_Ad,943,AD_INV_SRC_TYPE
8/19/2017,Matomy_LP_$6.5_nodimension_Bidswitch_Manual_Ad,138,BIDDER_FLOOR_UNMET
8/19/2017,Matomy_LP_$6.5_nodimension_Bidswitch_Manual_Ad,16,CREATIVE_FORMAT_ERROR
8/19/2017,Matomy_LP_$6.5_nodimension_Bidswitch_Manual_Ad,105559652,DEVICE_TYPE
8/19/2017,Matomy_LP_$6.5_nodimension_Bidswitch_Manual_Ad,280331,FILL
8/19/2017,Matomy_LP_$6.5_nodimension_Bidswitch_Manual_Ad,1326385,LOST_TO_COMPETITION
8/19/2017,Matomy_LP_$6.5_nodimension_Bidswitch_Manual_Ad,18955239,NO_ADS_COUNTRY_CARRIER_OS_BRAND
8/19/2017,Matomy_LP_$6.5_nodimension_Bidswitch_Manual_Ad,56630,SITE_AD_DOMAIN
8/20/2017,Matomy_SP_$4.5_nodimension_Bidswitch_Auto_Ad,786,AD_INV_SRC_TYPE
8/20/2017,Matomy_SP_$4.5_nodimension_Bidswitch_Auto_Ad,5048938,AD_SITE_HYGIENE
8/20/2017,Matomy_SP_$4.5_nodimension_Bidswitch_Auto_Ad,23,BIDDER_FLOOR_UNMET
8/20/2017,Matomy_SP_$4.5_nodimension_Bidswitch_Auto_Ad,4,CREATIVE_FORMAT_ERROR
8/20/2017,Matomy_SP_$4.5_nodimension_Bidswitch_Auto_Ad,61266146,DEVICE_TYPE
8/20/2017,Matomy_SP_$4.5_nodimension_Bidswitch_Auto_Ad,3826979,LOST_TO_COMPETITION
8/20/2017,Matomy_SP_$4.5_nodimension_Bidswitch_Auto_Ad,2969179,NO_ADS_COUNTRY_CARRIER_OS_BRAND
8/20/2017,Matomy_SP_$4.5_nodimension_Bidswitch_Auto_Ad,8720,SITE_AD_DOMAIN
8/20/2017,Matomy_SP_$4.5_nodimension_Bidswitch_Manual_Ad,788,AD_INV_SRC_TYPE
8/20/2017,Matomy_SP_$4.5_nodimension_Bidswitch_Manual_Ad,361,BIDDER_FLOOR_UNMET
8/20/2017,Matomy_SP_$4.5_nodimension_Bidswitch_Manual_Ad,9,CREATIVE_FORMAT_ERROR
8/20/2017,Matomy_SP_$4.5_nodimension_Bidswitch_Manual_Ad,61302417,DEVICE_TYPE
8/20/2017,Matomy_SP_$4.5_nodimension_Bidswitch_Manual_Ad,8438255,LOST_TO_COMPETITION
8/20/2017,Matomy_SP_$4.5_nodimension_Bidswitch_Manual_Ad,3353018,NO_ADS_COUNTRY_CARRIER_OS_BRAND
8/20/2017,Matomy_SP_$4.5_nodimension_Bidswitch_Manual_Ad,25927,SITE_AD_DOMAIN
8/20/2017,Matomy_LP_$6.5_nodimension_Bidswitch_Auto_Ad,788,AD_INV_SRC_TYPE
8/20/2017,Matomy_LP_$6.5_nodimension_Bidswitch_Auto_Ad,361,BIDDER_FLOOR_UNMET
8/20/2017,Matomy_LP_$6.5_nodimension_Bidswitch_Auto_Ad,9,CREATIVE_FORMAT_ERROR
8/20/2017,Matomy_LP_$6.5_nodimension_Bidswitch_Auto_Ad,61321864,DEVICE_TYPE
8/20/2017,Matomy_LP_$6.5_nodimension_Bidswitch_Auto_Ad,92598,FILL
8/20/2017,Matomy_LP_$6.5_nodimension_Bidswitch_Auto_Ad,8350887,LOST_TO_COMPETITION
8/20/2017,Matomy_LP_$6.5_nodimension_Bidswitch_Auto_Ad,3328327,NO_ADS_COUNTRY_CARRIER_OS_BRAND
8/20/2017,Matomy_LP_$6.5_nodimension_Bidswitch_Auto_Ad,25941,SITE_AD_DOMAIN
8/20/2017,Matomy_LP_$6.5_nodimension_Bidswitch_Manual_Ad,788,AD_INV_SRC_TYPE
8/20/2017,Matomy_LP_$6.5_nodimension_Bidswitch_Manual_Ad,361,BIDDER_FLOOR_UNMET
8/20/2017,Matomy_LP_$6.5_nodimension_Bidswitch_Manual_Ad,9,CREATIVE_FORMAT_ERROR
8/20/2017,Matomy_LP_$6.5_nodimension_Bidswitch_Manual_Ad,61321864,DEVICE_TYPE
8/20/2017,Matomy_LP_$6.5_nodimension_Bidswitch_Manual_Ad,1121351,FILL
8/20/2017,Matomy_LP_$6.5_nodimension_Bidswitch_Manual_Ad,7322134,LOST_TO_COMPETITION
8/20/2017,Matomy_LP_$6.5_nodimension_Bidswitch_Manual_Ad,3328327,NO_ADS_COUNTRY_CARRIER_OS_BRAND
8/20/2017,Matomy_LP_$6.5_nodimension_Bidswitch_Manual_Ad,25941,SITE_AD_DOMAIN
,,,,
,,,,
,,,,
,,,,
,,,,
,,,,
,,,,
,,,,
,,,,
,,,,
,,,,
,,,,
,,,,
,,,,
,,,,
,,,,
,,,,
,,,,
,,,,
,,,,
,,,,
,,,,
,,,,
,,,,
,,,,
,,,,
,,,,
,,,,
,,,,
,,,,
,,,,
,,,,
,,,,
,,,,
,,,,
,,,,
,,,,
,,,,
,,,,
,,,,
,,,,
,,,,
,,,,
,,,,
,,,,
,,,,
,,,,
,,,,
,,,,
,,,,
,,,,
,,,,
,,,,
,,,,
,,,,
,,,,
,,,,
,,,,
,,,,
,,,,
,,,,
,,,,
,,,,
,,,,
,,,,
,,,,
,,,,
,,,,
,,,,
,,,,
,,,,
,,,,
,,,,
,,,,
,,,,
,,,,
,,,,
,,,,
,,,,
,,,,
,,,,
,,,,
,,,,
,,,,
,,,,
,,,,
,,,,
,,,,
,,,,
,,,,
,,,,
,,,,
,,,,
,,,,
,,,,
,,,,
,,,,
,,,,
,,,,
,,,,
,,,,
,,,,
,,,,
,,,,
,,,,
,,,,
,,,,
,,,,
,,,,
,,,,
,,,,
,,,,
,,,,
,,,,
,,,,
,,,,
,,,,
,,,,
,,,,
,,,,
,,,,
,,,,
,,,,
,,,,
,,,,
,,,,
,,,,
,,,,
,,,,
,,,,
,,,,
,,,,
,,,,
,,,,
,,,,
,,,,
,,,,
,,,,
,,,,
,,,,
,,,,
,,,,
,,,,
,,,,
,,,,
,,,,
,,,,
,,,,
,,,,
,,,,
,,,,
,,,,
,,,,
,,,,
,,,,
,,,,
,,,,
,,,,
,,,,
,,,,
,,,,
,,,,
,,,,
,,,,
,,,,
,,,,
,,,,
,,,,
,,,,
,,,,
,,,,
,,,,
,,,,
,,,,
,,,,
,,,,
,,,,
,,,,
,,,,
,,,,
,,,,
,,,,
,,,,
,,,,
,,,,
,,,,
,,,,
,,,,
,,,,
,,,,
,,,,
,,,,
,,,,
,,,,
,,,,
,,,,
,,,,
,,,,
,,,,
,,,,
,,,,
,,,,
,,,,
,,,,
,,,,
,,,,
,,,,
,,,,
,,,,
,,,,
,,,,
,,,,
,,,,
,,,,
,,,,
,,,,
,,,,
,,,,
,,,,
,,,,
,,,,
,,,,
,,,,
,,,,
,,,,
,,,,
,,,,
,,,,
,,,,
,,,,
,,,,
,,,,
,,,,
,,,,
,,,,
,,,,
,,,,
,,,,
,,,,
,,,,
,,,,
,,,,
,,,,
,,,,
,,,,
,,,,
,,,,
,,,,
,,,,
,,,,
,,,,
,,,,
,,,,
,,,,
,,,,
,,,,
,,,,
,,,,
,,,,
,,,,
,,,,
,,,,
,,,,
,,,,
,,,,
,,,,
,,,,
,,,,
,,,,
,,,,
,,,,
,,,,
,,,,
,,,,
,,,,
,,,,
,,,,
,,,,
,,,,
,,,,
,,,,
,,,,
,,,,
,,,,
,,,,
,,,,
,,,,
,,,,
,,,,
,,,,
,,,,
,,,,
,,,,
,,,,
,,,,
,,,,
,,,,
,,,,
,,,,
,,,,
,,,,
,,,,
,,,,
,,,,
,,,,
,,,,
,,,,
,,,,
,,,,
,,,,
,,,,
,,,,
,,,,
,,,,
,,,,
,,,,
,,,,
,,,,
,,,,
,,,,
,,,,
,,,,
,,,,
,,,,
,,,,
,,,,
,,,,
,,,,
,,,,
,,,,
,,,,
,,,,
,,,,
,,,,
,,,,
,,,,
,,,,
,,,,
,,,,
,,,,
,,,,
,,,,
,,,,
,,,,
,,,,
,,,,
,,,,
,,,,
,,,,
,,,,
,,,,
,,,,
,,,,
,,,,
,,,,
,,,,
,,,,
,,,,
,,,,
,,,,
,,,,
,,,,
,,,,
,,,,
,,,,
,,,,
,,,,
,,,,
,,,,
,,,,
,,,,
,,,,
,,,,
,,,,
,,,,
,,,,
,,,,
,,,,
,,,,
,,,,
,,,,
,,,,
,,,,
,,,,
,,,,
,,,,
,,,,
,,,,
,,,,
,,,,
,,,,
,,,,
,,,,
,,,,
,,,,
,,,,
,,,,
,,,,
,,,,
,,,,
,,,,
,,,,
,,,,
,,,,
,,,,
,,,,
,,,,
,,,,
,,,,
,,,,
,,,,
,,,,
,,,,
,,,,
,,,,
,,,,
,,,,
,,,,
,,,,
,,,,
,,,,
,,,,
,,,,
,,,,
,,,,
,,,,
,,,,
,,,,
,,,,
,,,,
,,,,
,,,,
,,,,
,,,,
,,,,
,,,,
,,,,
,,,,
,,,,
,,,,
,,,,
,,,,
,,,,
,,,,
,,,,
,,,,
,,,,
,,,,
,,,,
,,,,
,,,,
,,,,
,,,,
,,,,
,,,,
,,,,
,,,,
,,,,
,,,,
,,,,
,,,,
,,,,
,,,,
,,,,
,,,,
,,,,
,,,,
,,,,
,,,,
,,,,
,,,,
,,,,
,,,,
,,,,
,,,,
,,,,
,,,,
,,,,
,,,,
,,,,
,,,,
,,,,
,,,,
,,,,
,,,,
,,,,
,,,,
,,,,
,,,,
,,,,
,,,,
,,,,
,,,,
,,,,
,,,,
,,,,
,,,,
,,,,
,,,,
,,,,
,,,,
,,,,
,,,,
,,,,
,,,,
,,,,
,,,,
,,,,
,,,,
,,,,
,,,,
,,,,
,,,,
,,,,
,,,,
,,,,
,,,,
,,,,
,,,,
,,,,
,,,,
,,,,
,,,,
,,,,
,,,,
,,,,
,,,,
,,,,
,,,,
,,,,
,,,,
,,,,
,,,,
,,,,
,,,,
,,,,
,,,,
,,,,
,,,,
,,,,
,,,,
,,,,
,,,,
,,,,
,,,,
,,,,
,,,,
,,,,
,,,,
,,,,
,,,,
,,,,
,,,,
,,,,
,,,,
,,,,
,,,,
,,,,
,,,,
,,,,
,,,,
,,,,
,,,,
,,,,
,,,,
,,,,
,,,,
,,,,
,,,,
,,,,
,,,,
,,,,
,,,,
,,,,
,,,,
,,,,
,,,,
,,,,
,,,,
,,,,
,,,,
,,,,
,,,,
,,,,
,,,,
,,,,
,,,,
,,,,
,,,,
,,,,
,,,,
,,,,
,,,,
,,,,
,,,,
,,,,
,,,,
,,,,
,,,,
,,,,
,,,,
,,,,
,,,,
,,,,
,,,,
,,,,
,,,,
,,,,
,,,,
,,,,
,,,,
,,,,
,,,,
,,,,
,,,,
,,,,
,,,,
,,,,
,,,,
,,,,
,,,,
,,,,
,,,,
,,,,
,,,,
,,,,
,,,,
,,,,
,,,,
,,,,
,,,,
,,,,
,,,,
,,,,
,,,,
,,,,
,,,,
,,,,
,,,,
,,,,
,,,,
,,,,
,,,,
,,,,
,,,,
,,,,
,,,,
,,,,
,,,,
,,,,
,,,,
,,,,
,,,,
,,,,
,,,,
,,,,
,,,,
,,,,
,,,,
,,,,
,,,,
,,,,
,,,,
,,,,
,,,,
,,,,
,,,,
,,,,
,,,,
,,,,
,,,,
,,,,
,,,,
,,,,
,,,,
,,,,
,,,,
,,,,
,,,,
,,,,
,,,,
,,,,
,,,,
,,,,
,,,,
,,,,
,,,,
,,,,
,,,,
,,,,
,,,,
,,,,
,,,,
,,,,
,,,,
,,,,
,,,,
,,,,
,,,,
,,,,
,,,,
,,,,
,,,,
,,,,
,,,,
,,,,
,,,,
,,,,
,,,,
,,,,
,,,,
,,,,
,,,,
,,,,
,,,,
,,,,
,,,,
,,,,
,,,,
,,,,
,,,,
,,,,
,,,,
,,,,
,,,,
,,,,
,,,,
,,,,
,,,,
,,,,
,,,,
,,,,
,,,,
,,,,
,,,,
,,,,
,,,,
,,,,
,,,,
,,,,
,,,,
,,,,
,,,,
,,,,
,,,,
,,,,
,,,,
,,,,
,,,,
,,,,
